scenario_id,rmse,mae,final_error,final_energy,mean_power,controller_time,frequency
0,2.227503251235435,1.9192801793209602,0.5076245769525336,3328.56901244141,237.75492946010021,8.88886780012399e-05,11250.026690531398
